experiment,label,io_threads,connections,read_percent,value_bytes,persistence,repeat,throughput,mean_ms,p50_ms,p95_ms,p99_ms,p999_ms,max_ms,errors,error_rate_pct,cpu_cores,rss_mean_mb,rss_peak_mb,server_p50_us,server_p99_us,commands_total
concurrency,conn1,8,1,90,64,off,0,45172.0,0.0199,0.0197,0.0207,0.0246,0.0292,0.0715,0,0.0,0.5360515274596376,4.13125,4.43359375,0.167,0.991,22000
concurrency,conn1,8,1,90,64,off,1,42528.8,0.0205,0.0197,0.0272,0.0279,0.0339,0.0762,0,0.0,0.6150384114125657,4.12890625,4.45703125,0.191,1.087,22000
concurrency,conn1,8,1,90,64,off,2,42539.3,0.0206,0.0197,0.0272,0.028,0.0396,0.0784,0,0.0,0.6152734468570324,4.075,4.40234375,0.191,1.087,22000
concurrency,conn1,8,1,90,64,off,3,45098.6,0.02,0.0197,0.0209,0.0249,0.0299,0.0691,0,0.0,0.5556351762543644,4.128125,4.4296875,0.167,0.991,22000
concurrency,conn1,8,1,90,64,off,4,44890.6,0.0201,0.0198,0.0211,0.0251,0.0306,0.0694,0,0.0,0.5557591365297996,4.1,4.40234375,0.175,1.087,22000
concurrency,conn2,8,2,90,64,off,0,50116.0,0.0281,0.033,0.0396,0.0423,0.0508,0.1088,0,0.0,1.0178312134862302,4.47607421875,4.9765625,0.495,2.047,44000
concurrency,conn2,8,2,90,64,off,1,48647.5,0.0291,0.0274,0.0389,0.0443,0.0546,0.13,0,0.0,0.894147054191999,4.55859375,5.0078125,0.543,2.303,44000
concurrency,conn2,8,2,90,64,off,2,48151.2,0.0294,0.027,0.0396,0.0455,0.0662,0.1071,0,0.0,0.8608490471331417,4.539496527777778,4.984375,0.431,1.983,44000
concurrency,conn2,8,2,90,64,off,3,78075.1,0.0213,0.0205,0.0283,0.0348,0.0399,0.1122,0,0.0,1.0590063496451543,4.429036458333333,4.97265625,0.431,2.175,44000
concurrency,conn2,8,2,90,64,off,4,76600.8,0.0216,0.0206,0.0286,0.036,0.0417,0.3609,0,0.0,1.0587611510915464,4.446614583333333,5.00390625,0.415,1.919,44000
concurrency,conn4,8,4,90,64,off,0,96952.8,0.0261,0.0218,0.0388,0.0436,0.0538,0.157,0,0.0,1.7438905108776857,5.246527777777778,6.0390625,0.703,2.687,88000
concurrency,conn4,8,4,90,64,off,1,98902.5,0.0254,0.0214,0.0391,0.0417,0.0526,0.2207,0,0.0,1.710796131886152,5.259982638888889,6.03125,0.703,2.943,88000
concurrency,conn4,8,4,90,64,off,2,150031.3,0.0222,0.0212,0.0286,0.0334,0.0406,0.1988,0,0.0,2.3830136840185423,4.952473958333333,6.03515625,0.607,2.687,88000
concurrency,conn4,8,4,90,64,off,3,88341.3,0.0304,0.0336,0.0421,0.0474,0.0579,0.1372,0,0.0,1.8177436404610232,5.249609375,6.03125,0.927,3.199,88000
concurrency,conn4,8,4,90,64,off,4,86056.6,0.0274,0.0215,0.0449,0.049,0.0582,0.1797,0,0.0,1.6987346873113658,5.283984375,6.03125,0.735,3.071,88000
concurrency,conn8,8,8,90,64,off,0,182566.3,0.0274,0.0236,0.0401,0.043,0.0509,0.1708,0,0.0,3.5706182980713885,5.046875,5.91015625,0.831,3.583,70400
concurrency,conn8,8,8,90,64,off,1,170845.6,0.0293,0.0233,0.0445,0.0485,0.0579,0.1394,0,0.0,3.5689758128930587,5.078125,5.9375,0.831,3.583,70400
concurrency,conn8,8,8,90,64,off,2,258413.0,0.0241,0.0219,0.034,0.0379,0.0457,0.0981,0,0.0,4.160552677274106,4.834635416666667,5.91015625,0.831,3.967,70400
concurrency,conn8,8,8,90,64,off,3,253289.5,0.024,0.0218,0.0342,0.0389,0.0466,0.1034,0,0.0,4.093030984319088,4.83984375,5.91015625,0.831,3.711,70400
concurrency,conn8,8,8,90,64,off,4,261996.0,0.0241,0.0219,0.034,0.0375,0.0448,0.1385,0,0.0,4.161181019723777,4.860677083333333,5.94140625,0.831,3.711,70400
concurrency,conn16,8,16,90,64,off,0,404328.1,0.0265,0.024,0.0389,0.0478,0.0554,0.1482,0,0.0,4.659547546259169,5.8583984375,7.33984375,1.087,3.711,140800
concurrency,conn16,8,16,90,64,off,1,401542.1,0.0258,0.0239,0.0348,0.0425,0.0516,0.2114,0,0.0,4.56154110030852,5.8916015625,7.33203125,1.087,3.711,140800
concurrency,conn16,8,16,90,64,off,2,391435.3,0.0284,0.0273,0.038,0.0447,0.0547,0.2225,0,0.0,4.7102860704776965,5.8818359375,7.36328125,1.087,3.967,140800
concurrency,conn16,8,16,90,64,off,3,362312.0,0.0267,0.0239,0.044,0.0484,0.0558,0.1639,0,0.0,4.734215088914366,5.8525390625,7.3515625,0.991,3.711,140800
concurrency,conn16,8,16,90,64,off,4,389318.5,0.0264,0.0237,0.0381,0.0468,0.0558,0.1298,0,0.0,4.758117628542763,5.798828125,7.328125,0.831,3.327,140800
concurrency,conn32,8,32,90,64,off,0,531155.8,0.0416,0.0341,0.0678,0.074,0.0968,0.1526,0,0.0,6.80679055647625,6.80625,9.59765625,0.895,3.199,281600
concurrency,conn32,8,32,90,64,off,1,502048.3,0.0433,0.036,0.0718,0.0774,0.0915,0.1802,0,0.0,5.874341727285935,7.249348958333333,9.6015625,1.215,3.583,281600
concurrency,conn32,8,32,90,64,off,2,540506.4,0.0418,0.0337,0.068,0.074,0.0907,0.516,0,0.0,5.643942392622724,7.294270833333333,9.6171875,0.863,3.071,281600
concurrency,conn32,8,32,90,64,off,3,514533.6,0.0444,0.0372,0.0706,0.0774,0.1076,0.3697,0,0.0,5.960896741465442,7.244791666666667,9.62109375,1.215,3.583,281600
concurrency,conn32,8,32,90,64,off,4,530193.7,0.0417,0.0339,0.0686,0.0743,0.088,0.158,0,0.0,5.743045386229872,7.283203125,9.60546875,0.895,3.071,281600
concurrency,conn64,8,64,90,64,off,0,458161.7,0.0943,0.0888,0.1793,0.194,0.2091,0.2643,0,0.0,6.11325177990211,6.52890625,8.609375,1.087,3.583,211200
concurrency,conn64,8,64,90,64,off,1,471663.4,0.0912,0.0817,0.1671,0.1822,0.199,0.5022,0,0.0,5.875388686254454,6.55703125,8.6171875,0.831,3.199,211200
concurrency,conn64,8,64,90,64,off,2,448896.6,0.0954,0.0905,0.1809,0.1976,0.2145,0.3161,0,0.0,6.1914452527491175,6.49140625,8.6015625,1.151,3.583,211200
concurrency,conn64,8,64,90,64,off,3,452656.2,0.0954,0.0885,0.1756,0.1899,0.2035,0.576,0,0.0,6.272360865173238,6.43984375,8.609375,1.087,3.711,211200
concurrency,conn64,8,64,90,64,off,4,485026.3,0.0877,0.0779,0.161,0.1771,0.1928,0.2698,0,0.0,5.655508488314905,6.58203125,8.58984375,0.799,3.071,211200
concurrency,conn128,8,128,90,64,off,0,421836.7,0.2148,0.2189,0.392,0.4741,0.4973,0.5781,0,0.0,6.558231865274773,8.426953125,11.2109375,0.959,2.815,422400
concurrency,conn128,8,128,90,64,off,1,412740.8,0.225,0.2318,0.4022,0.4911,0.513,1.0069,0,0.0,6.800107274602747,8.315234375,11.19140625,0.959,2.815,422400
concurrency,conn128,8,128,90,64,off,2,433544.7,0.2208,0.2253,0.4172,0.4716,0.4938,0.8617,0,0.0,6.669931665211681,8.376171875,11.22265625,0.895,2.815,422400
concurrency,conn128,8,128,90,64,off,3,429624.7,0.2278,0.2298,0.4408,0.4769,0.4963,1.0151,0,0.0,6.817368465637108,8.276171875,11.19140625,0.991,2.815,422400
concurrency,conn128,8,128,90,64,off,4,422516.4,0.2236,0.2268,0.4157,0.4765,0.5112,0.8861,0,0.0,6.770601890763565,8.30390625,11.19921875,0.991,2.815,422400
concurrency,conn256,8,256,90,64,off,0,398962.1,0.4584,0.4899,0.5481,0.9884,1.079,1.4393,0,0.0,6.382512048966169,7.849826388888889,10.328125,0.959,2.943,337920
concurrency,conn256,8,256,90,64,off,1,407002.7,0.4653,0.5019,0.5463,1.0076,1.0675,1.4916,0,0.0,7.229569052244196,7.505859375,10.3359375,0.927,2.815,337920
concurrency,conn256,8,256,90,64,off,2,390878.5,0.4482,0.4818,0.5751,0.9716,1.1028,1.573,0,0.0,6.448253891091246,7.83203125,10.328125,0.863,2.815,337920
concurrency,conn256,8,256,90,64,off,3,411903.7,0.4491,0.493,0.5371,0.9953,1.0476,1.7126,0,0.0,7.154785270890113,7.5751953125,10.33203125,0.959,2.943,337920
concurrency,conn256,8,256,90,64,off,4,399162.8,0.4637,0.5,0.5494,1.0091,1.0791,1.1722,0,0.0,6.518213867238855,7.78125,10.328125,0.959,2.943,337920
concurrency,conn512,8,512,90,64,off,0,392253.5,1.0147,1.0822,1.1221,1.1503,1.6393,2.5964,0,0.0,6.875228579956523,10.230928308823529,13.61328125,1.215,3.199,675840
concurrency,conn512,8,512,90,64,off,1,378050.6,1.045,1.1174,1.1645,1.1924,1.7392,3.1402,0,0.0,7.144779433981566,10.127068014705882,13.61328125,1.343,3.583,675840
concurrency,conn512,8,512,90,64,off,2,380009.9,1.0523,1.1119,1.1729,1.1967,1.6995,2.6784,0,0.0,7.133905620604852,10.083180147058824,13.609375,1.471,3.583,675840
concurrency,conn512,8,512,90,64,off,3,383906.2,1.0561,1.1086,1.1629,1.1865,1.7881,2.884,0,0.0,7.0638509834252545,10.114659926470589,13.60546875,1.343,3.583,675840
concurrency,conn512,8,512,90,64,off,4,379214.7,1.0317,1.1106,1.1724,1.1985,1.7584,2.7093,0,0.0,7.187152841862874,10.075137867647058,13.5859375,1.343,3.327,675840
mix,read0,8,64,0,64,off,0,424748.8,0.1026,0.0925,0.1864,0.2037,0.2606,0.4218,0,0.0,6.667367317797942,12.2234375,16.24609375,1.855,9.727,211200
mix,read0,8,64,0,64,off,1,437234.3,0.0983,0.089,0.1807,0.1987,0.2892,0.611,0,0.0,6.409343150574806,12.35625,16.21484375,1.791,9.215,211200
mix,read0,8,64,0,64,off,2,442406.2,0.0977,0.0906,0.1841,0.2004,0.2627,0.4176,0,0.0,6.4095084123148585,12.575,16.2734375,1.663,8.703,211200
mix,read0,8,64,0,64,off,3,424626.0,0.1026,0.092,0.1894,0.2125,0.287,0.5146,0,0.0,6.608888110462297,12.265625,16.2109375,1.983,10.239,211200
mix,read0,8,64,0,64,off,4,419500.6,0.1057,0.0966,0.1943,0.2215,0.3061,1.2265,0,0.0,6.710692325983768,12.31640625,16.23828125,1.663,9.215,211200
mix,read10,8,64,10,64,off,0,419824.7,0.0998,0.0929,0.1877,0.2047,0.2717,0.4546,0,0.0,6.549454502693108,12.19140625,16.125,1.919,9.215,211200
mix,read10,8,64,10,64,off,1,419582.0,0.1018,0.0939,0.1894,0.2041,0.288,0.5042,0,0.0,6.587714152429665,12.15,16.18359375,1.855,9.727,211200
mix,read10,8,64,10,64,off,2,423132.2,0.1033,0.0957,0.1906,0.2051,0.2774,0.53,0,0.0,6.570603324250466,12.240625,16.15234375,1.983,9.215,211200
mix,read10,8,64,10,64,off,3,411798.0,0.1055,0.0971,0.1958,0.2115,0.2963,0.4301,0,0.0,6.848050367687104,11.97578125,16.15234375,2.047,10.751,211200
mix,read10,8,64,10,64,off,4,433238.3,0.0983,0.0898,0.1803,0.1968,0.2665,0.4433,0,0.0,6.492403400461819,12.05703125,16.125,1.663,9.727,211200
mix,read25,8,64,25,64,off,0,397870.2,0.1043,0.0939,0.1907,0.2229,0.2786,0.4338,0,0.0,5.592119919446542,12.313151041666666,15.91796875,1.855,9.215,211200
mix,read25,8,64,25,64,off,1,442227.7,0.1003,0.0956,0.191,0.2081,0.2706,0.3896,0,0.0,6.352949769702153,12.0,15.89453125,1.919,9.215,211200
mix,read25,8,64,25,64,off,2,417027.1,0.1023,0.091,0.1843,0.2035,0.2747,0.4272,0,0.0,6.668509683129444,11.53203125,15.90234375,1.855,10.239,211200
mix,read25,8,64,25,64,off,3,441523.5,0.0951,0.0898,0.1805,0.1958,0.2759,0.3888,0,0.0,6.134549222926683,12.0375,15.89453125,1.599,8.703,211200
mix,read25,8,64,25,64,off,4,409062.7,0.1013,0.0952,0.1912,0.2127,0.2648,0.3958,0,0.0,6.589845161185991,11.7625,15.90234375,1.791,8.703,211200
mix,read50,8,64,50,64,off,0,447230.0,0.099,0.089,0.178,0.1929,0.2589,0.3609,0,0.0,6.467638897839903,10.534375,15.00390625,1.471,9.215,211200
mix,read50,8,64,50,64,off,1,427555.8,0.101,0.0954,0.1915,0.2086,0.277,0.3687,0,0.0,6.591534239023216,10.67734375,15.0078125,1.791,8.191,211200
mix,read50,8,64,50,64,off,2,429486.7,0.0977,0.0907,0.1839,0.2006,0.2661,0.3343,0,0.0,6.371490334212497,10.77734375,15.0078125,1.791,8.703,211200
mix,read50,8,64,50,64,off,3,436510.0,0.0942,0.0881,0.1789,0.1927,0.2496,0.356,0,0.0,6.25003015836618,10.82265625,15.00390625,1.535,7.679,211200
mix,read50,8,64,50,64,off,4,440397.6,0.0985,0.0876,0.1773,0.1932,0.2761,0.3936,0,0.0,6.428267115460118,10.51640625,14.97265625,1.535,8.703,211200
mix,read75,8,64,75,64,off,0,434358.2,0.0951,0.0874,0.1751,0.1907,0.2243,0.4081,0,0.0,6.329064433311422,8.52890625,12.16796875,1.343,7.423,211200
mix,read75,8,64,75,64,off,1,450619.9,0.0944,0.089,0.1762,0.197,0.2141,0.4091,0,0.0,6.313235359139754,8.6484375,12.16796875,1.407,6.911,211200
mix,read75,8,64,75,64,off,2,450895.5,0.0946,0.0827,0.173,0.1878,0.2152,0.3095,0,0.0,6.213372392200016,8.640625,12.19140625,1.471,7.167,211200
mix,read75,8,64,75,64,off,3,464660.9,0.0931,0.0843,0.174,0.1966,0.2266,0.4643,0,0.0,6.012535487935141,8.76015625,12.19140625,1.279,6.911,211200
mix,read75,8,64,75,64,off,4,444788.8,0.0946,0.0872,0.1751,0.1894,0.217,0.3651,0,0.0,6.071506380646644,8.62421875,12.1953125,1.279,7.167,211200
mix,read90,8,64,90,64,off,0,482293.3,0.0878,0.0801,0.1626,0.177,0.1908,0.3846,0,0.0,5.773982170530566,6.5703125,8.58203125,0.767,2.943,211200
mix,read90,8,64,90,64,off,1,451583.2,0.0935,0.0872,0.1744,0.2041,0.2215,0.5017,0,0.0,6.130805913153938,6.4734375,8.59375,0.863,3.327,211200
mix,read90,8,64,90,64,off,2,448536.8,0.0914,0.0848,0.1726,0.1864,0.2077,0.4023,0,0.0,6.015076762279283,6.48046875,8.58203125,0.831,3.071,211200
mix,read90,8,64,90,64,off,3,474322.0,0.0898,0.0829,0.1679,0.1838,0.198,0.3979,0,0.0,5.93546598262433,6.4875,8.59375,0.863,3.327,211200
mix,read90,8,64,90,64,off,4,450754.8,0.0918,0.085,0.1709,0.1876,0.2112,0.4972,0,0.0,6.05291662575063,6.44453125,8.5625,0.831,3.199,211200
mix,read100,8,64,100,64,off,0,473207.0,0.0886,0.0803,0.1642,0.1805,0.2024,0.32,0,0.0,5.896201621052689,4.20703125,4.30859375,0.543,1.087,211200
mix,read100,8,64,100,64,off,1,475750.3,0.0887,0.0817,0.1634,0.176,0.1956,0.3461,0,0.0,5.8546345383446585,4.2109375,4.3125,0.511,0.927,211200
mix,read100,8,64,100,64,off,2,466448.4,0.0907,0.0841,0.1689,0.1826,0.1946,0.2945,0,0.0,5.836964530566468,4.21875,4.3203125,0.767,1.727,211200
mix,read100,8,64,100,64,off,3,473289.4,0.0875,0.0766,0.1583,0.1699,0.1825,0.3491,0,0.0,5.79501006507953,4.2265625,4.328125,0.543,1.023,211200
mix,read100,8,64,100,64,off,4,490102.5,0.0832,0.0795,0.1572,0.17,0.1801,0.2428,0,0.0,5.637373018631637,4.234375,4.3359375,0.495,0.895,211200
io_threads,io1,1,128,90,64,off,0,62346.8,1.8483,1.8521,1.9037,2.1213,3.7691,5.0679,0,0.0,0.9869551567107486,7.693233366935484,10.546875,0.431,1.983,422400
io_threads,io1,1,128,90,64,off,1,61898.8,1.8818,1.9332,1.9745,2.004,2.3364,3.9241,0,0.0,0.9755831149744026,7.797681051587301,10.5703125,0.415,1.983,422400
io_threads,io1,1,128,90,64,off,2,61230.8,1.8905,1.9055,1.9515,1.9835,3.8025,3.9354,0,0.0,0.9884594253777313,7.738653273809524,10.59765625,0.447,1.663,422400
io_threads,io1,1,128,90,64,off,3,63209.3,1.8162,1.8396,1.8874,1.9594,3.7283,5.3137,0,0.0,0.9705649458987443,7.772618447580645,10.55078125,0.431,1.663,422400
io_threads,io1,1,128,90,64,off,4,65430.4,1.7689,1.8318,1.8963,1.9366,3.7503,5.1135,0,0.0,0.9880518373482623,7.756819385593221,10.5546875,0.431,1.919,422400
io_threads,io2,2,128,90,64,off,0,113787.1,1.005,1.0138,1.0344,1.0543,1.3344,2.5592,0,0.0,1.900795250266581,7.828571428571428,10.65625,0.671,1.599,422400
io_threads,io2,2,128,90,64,off,1,116017.9,0.968,0.9833,1.0295,1.0555,1.5777,2.1634,0,0.0,1.886852118898765,7.848000919117647,10.6640625,0.991,2.559,422400
io_threads,io2,2,128,90,64,off,2,113856.3,0.9483,0.9204,1.0466,1.0706,1.1818,2.1453,0,0.0,1.7960537857522454,8.029799107142857,10.71484375,1.023,2.559,422400
io_threads,io2,2,128,90,64,off,3,117532.3,0.9498,0.9225,1.1049,1.1189,1.1652,2.1749,0,0.0,1.8458385352506457,7.952550551470588,10.6640625,0.799,2.303,422400
io_threads,io2,2,128,90,64,off,4,114599.8,0.9803,0.9771,1.0304,1.0463,1.1097,2.0101,0,0.0,1.9071416229213307,7.832146139705882,10.69140625,0.799,1.791,422400
io_threads,io4,4,128,90,64,off,0,221753.1,0.4662,0.4669,0.5133,0.9557,1.0163,2.5825,0,0.0,3.618590926889912,8.02756076388889,10.83203125,0.927,2.687,422400
io_threads,io4,4,128,90,64,off,1,217612.0,0.4666,0.4614,0.5335,0.9862,1.0606,2.3234,0,0.0,3.4332939616130984,8.202713815789474,10.859375,1.087,2.943,422400
io_threads,io4,4,128,90,64,off,2,223078.0,0.4849,0.4908,0.5258,0.9952,1.04,2.0188,0,0.0,3.7312314879893993,7.955946180555555,10.84765625,1.151,3.071,422400
io_threads,io4,4,128,90,64,off,3,248109.0,0.4195,0.4184,0.475,0.8661,0.9405,1.5414,0,0.0,3.6601407559275247,7.9501953125,10.83203125,0.671,1.791,422400
io_threads,io4,4,128,90,64,off,4,264596.1,0.4068,0.4102,0.4317,0.8283,0.8515,1.579,0,0.0,3.7932457898517367,7.84921875,10.859375,0.671,1.791,422400
io_threads,io8,8,128,90,64,off,0,504655.3,0.1939,0.1951,0.3788,0.404,0.4196,0.7796,0,0.0,6.494356999542314,8.331597222222221,11.18359375,0.831,2.175,422400
io_threads,io8,8,128,90,64,off,1,487807.9,0.1953,0.1985,0.3824,0.4126,0.4324,1.4141,0,0.0,6.647705002185797,8.270399305555555,11.1875,0.863,2.175,422400
io_threads,io8,8,128,90,64,off,2,483013.4,0.1953,0.201,0.3836,0.4157,0.4306,0.6481,0,0.0,6.646961292440779,8.315104166666666,11.1875,0.671,1.919,422400
io_threads,io8,8,128,90,64,off,3,477031.8,0.1993,0.202,0.3834,0.4216,0.438,0.5242,0,0.0,6.770590388302283,8.239583333333334,11.19140625,0.863,2.175,422400
io_threads,io8,8,128,90,64,off,4,479026.9,0.1999,0.2023,0.3907,0.42,0.4416,1.092,0,0.0,6.75994519729793,8.273871527777779,11.1875,0.735,2.303,422400
io_threads,io16,16,128,90,64,off,0,929604.6,0.089,0.0801,0.1662,0.1866,0.2087,0.7549,0,0.0,12.052023532994133,8.59453125,11.84765625,0.799,2.559,422400
io_threads,io16,16,128,90,64,off,1,888162.0,0.091,0.0826,0.1735,0.1906,0.2101,1.7554,0,0.0,12.377219877617199,8.5640625,11.85546875,0.991,2.815,422400
io_threads,io16,16,128,90,64,off,2,924688.1,0.0833,0.0764,0.1619,0.1832,0.2002,0.3224,0,0.0,11.7398125391929,8.6890625,11.83984375,0.991,2.943,422400
io_threads,io16,16,128,90,64,off,3,981521.6,0.083,0.0757,0.1581,0.1741,0.193,0.8551,0,0.0,11.42379632012134,8.72578125,11.8515625,0.767,2.559,422400
io_threads,io16,16,128,90,64,off,4,913389.8,0.0876,0.0805,0.1672,0.1866,0.206,0.6349,0,0.0,11.905557604411301,8.6234375,11.84765625,0.991,2.943,422400
io_threads,io32,32,128,90,64,off,0,1286798.8,0.0519,0.0453,0.086,0.1233,0.1606,2.45,0,0.0,17.433311904967145,9.85546875,13.12109375,1.471,5.119,422400
io_threads,io32,32,128,90,64,off,1,1452662.7,0.0484,0.0424,0.0839,0.0985,0.1525,0.9335,0,0.0,16.392477338585035,9.9775390625,13.11328125,1.343,4.351,422400
io_threads,io32,32,128,90,64,off,2,1494794.1,0.0499,0.0426,0.0858,0.12,0.1616,0.6975,0,0.0,21.252432095365375,9.026041666666666,13.14453125,1.407,4.607,422400
io_threads,io32,32,128,90,64,off,3,1591050.9,0.0414,0.0364,0.072,0.0804,0.1364,0.2037,0,0.0,19.621278552363833,9.165364583333334,13.12109375,0.799,3.455,422400
io_threads,io32,32,128,90,64,off,4,1463263.8,0.0481,0.0427,0.0825,0.0956,0.146,1.3472,0,0.0,16.45659264975763,10.0146484375,13.140625,1.471,4.351,422400
persistence,off-read50,8,64,50,64,off,0,360604.6,0.0947,0.0831,0.1741,0.2685,0.3423,0.3842,0,0.0,3.6638479408088642,6.216796875,8.77734375,1.215,10.239,43968
persistence,off-read50,8,64,50,64,off,1,348195.5,0.0932,0.081,0.1722,0.2692,0.3405,0.3618,0,0.0,3.564766242835127,6.2578125,8.78515625,1.215,10.239,43968
persistence,off-read50,8,64,50,64,off,2,360030.5,0.0867,0.0724,0.1712,0.2611,0.33,0.497,0,0.0,3.6601414093266977,6.158203125,8.7421875,1.215,9.727,43968
persistence,off-read50,8,64,50,64,off,3,358314.5,0.0973,0.0834,0.1744,0.2743,0.3417,0.3853,0,0.0,3.611738902701281,6.1875,8.71484375,1.087,10.239,43968
persistence,off-read50,8,64,50,64,off,4,355166.0,0.0764,0.0569,0.1653,0.2548,0.2939,0.3487,0,0.0,3.4140627816590117,6.205078125,8.72265625,1.215,9.215,43968
persistence,never-read50,8,64,50,64,aof-never,0,332711.3,0.1002,0.0835,0.1972,0.3345,0.4878,0.6851,0,0.0,3.810408372057543,6.072265625,8.7890625,1.407,15.871,43968
persistence,never-read50,8,64,50,64,aof-never,1,324463.7,0.1009,0.0825,0.1975,0.3378,0.4738,0.5457,0,0.0,3.7578885925391936,6.0625,8.8125,1.407,17.407,43968
persistence,never-read50,8,64,50,64,aof-never,2,333151.5,0.099,0.0812,0.1919,0.3366,0.5257,0.717,0,0.0,3.5166072679928178,6.109375,8.80859375,1.343,15.871,43968
persistence,never-read50,8,64,50,64,aof-never,3,325927.5,0.1021,0.0837,0.2028,0.3399,0.5165,0.7334,0,0.0,3.6657991022621124,6.107421875,8.80078125,1.343,14.847,43968
persistence,never-read50,8,64,50,64,aof-never,4,338105.1,0.0963,0.0762,0.1894,0.3265,0.461,0.7251,0,0.0,3.511280214097089,6.203125,8.828125,1.343,15.871,43968
persistence,everysec-read50,8,64,50,64,aof-everysec,0,333539.5,0.104,0.0818,0.2129,0.3374,0.5269,0.7011,0,0.0,3.7594589603269184,6.1328125,8.796875,1.535,16.383,43968
persistence,everysec-read50,8,64,50,64,aof-everysec,1,342229.7,0.0739,0.0651,0.1634,0.2502,0.447,0.5596,0,0.0,2.9692251921039956,6.25390625,8.79296875,1.215,13.823,43968
persistence,everysec-read50,8,64,50,64,aof-everysec,2,328689.9,0.0903,0.0748,0.182,0.3352,0.4967,0.7283,0,0.0,3.4616545822127263,6.166015625,8.828125,1.471,15.359,43968
persistence,everysec-read50,8,64,50,64,aof-everysec,3,329214.8,0.0858,0.0679,0.1782,0.3212,0.4445,0.5825,0,0.0,3.41604728246116,6.193359375,8.82421875,1.407,15.871,43968
persistence,everysec-read50,8,64,50,64,aof-everysec,4,330444.6,0.0877,0.0664,0.1903,0.3225,0.4879,0.6892,0,0.0,3.6158010938064096,6.11328125,8.8359375,1.343,15.871,43968
persistence,always-read50,8,64,50,64,aof-always,0,3496.9,14.545,12.94,32.6744,43.3428,57.7695,78.7358,0,0.0,0.28538534296174123,6.675849780701754,8.73046875,3.967,9961.471,43968
persistence,always-read50,8,64,50,64,aof-always,1,3250.6,15.9618,14.1776,35.4012,45.5115,56.9727,75.5642,0,0.0,0.29847124875826553,6.617759146341464,8.73046875,3.839,10485.759,43968
persistence,always-read50,8,64,50,64,aof-always,2,3467.9,14.3565,12.8888,32.8613,44.2325,63.0974,75.8858,0,0.0,0.2716483629108365,6.6984375,8.796875,3.711,10485.759,43968
persistence,always-read50,8,64,50,64,aof-always,3,3531.2,14.7815,13.0778,33.3264,44.2138,56.4291,77.1809,0,0.0,0.2914287418330916,6.589774612831858,8.73046875,3.711,11010.047,43968
persistence,always-read50,8,64,50,64,aof-always,4,3518.5,14.4817,12.7769,32.4577,43.5309,56.7423,72.3325,0,0.0,0.28886934989259316,6.646518640350878,8.7421875,3.711,10485.759,43968
persistence,off-read0,8,64,0,64,off,0,346208.2,0.1036,0.0897,0.1873,0.3118,0.372,0.4479,0,0.0,4.004888237331907,7.3828125,11.37109375,1.535,12.287,43968
persistence,off-read0,8,64,0,64,off,1,344496.8,0.1037,0.0901,0.1873,0.2737,0.3456,0.4357,0,0.0,4.201964900363981,7.388671875,11.4375,1.407,13.823,43968
persistence,off-read0,8,64,0,64,off,2,343463.5,0.1045,0.0896,0.1903,0.3313,0.3824,0.4393,0,0.0,3.8575703335735247,7.384765625,11.38671875,1.535,12.287,43968
persistence,off-read0,8,64,0,64,off,3,355202.8,0.0898,0.0767,0.1788,0.2714,0.3454,0.4127,0,0.0,3.608382204060711,7.4765625,11.3984375,1.343,11.775,43968
persistence,off-read0,8,64,0,64,off,4,353118.9,0.0964,0.084,0.1756,0.28,0.3483,0.4207,0,0.0,3.562257118221252,7.49609375,11.39453125,1.279,12.799,43968
persistence,never-read0,8,64,0,64,aof-never,0,308583.0,0.1035,0.0873,0.232,0.3539,0.5292,0.7695,0,0.0,3.710408521732409,7.380859375,11.453125,1.919,73.727,43968
persistence,never-read0,8,64,0,64,aof-never,1,307416.7,0.1102,0.0851,0.267,0.3588,0.4915,0.6316,0,0.0,4.067374818256173,7.24609375,11.48046875,2.047,73.727,43968
persistence,never-read0,8,64,0,64,aof-never,2,301963.7,0.1247,0.098,0.2864,0.3916,0.58,0.7787,0,0.0,4.202931018103105,7.060546875,11.44140625,2.303,77.823,43968
persistence,never-read0,8,64,0,64,aof-never,3,307432.9,0.0973,0.0851,0.2009,0.3419,0.4611,0.6465,0,0.0,3.5108150299676413,7.453125,11.453125,1.983,65.535,43968
persistence,never-read0,8,64,0,64,aof-never,4,299063.3,0.1305,0.11,0.2975,0.4141,0.5761,0.7565,0,0.0,4.2512585448104545,7.02734375,11.4296875,2.303,73.727,43968
persistence,everysec-read0,8,64,0,64,aof-everysec,0,330382.4,0.1177,0.0945,0.2706,0.3647,0.4838,0.5661,0,0.0,3.762005032979166,7.451171875,11.48046875,1.983,69.631,43968
persistence,everysec-read0,8,64,0,64,aof-everysec,1,306911.9,0.1001,0.0778,0.2377,0.3488,0.4978,0.5958,0,0.0,3.9584999830737124,7.224609375,11.4453125,1.983,77.823,43968
persistence,everysec-read0,8,64,0,64,aof-everysec,2,304951.5,0.1258,0.1119,0.2894,0.375,0.5315,0.6093,0,0.0,4.303583366698984,7.060546875,11.453125,2.175,73.727,43968
persistence,everysec-read0,8,64,0,64,aof-everysec,3,302615.9,0.1322,0.1345,0.2998,0.3917,0.5778,0.7887,0,0.0,4.353373941727925,7.025390625,11.453125,2.303,81.919,43968
persistence,everysec-read0,8,64,0,64,aof-everysec,4,289983.9,0.1132,0.0897,0.2632,0.3783,0.5508,0.6389,0,0.0,3.960035274179072,7.314453125,11.5078125,2.303,73.727,43968
persistence,always-read0,8,64,0,64,aof-always,0,1843.2,27.5693,25.7487,53.4168,74.3866,118.1727,248.9078,0,0.0,0.20403400489956308,8.443350374423963,11.375,3801.087,16777.215,43968
persistence,always-read0,8,64,0,64,aof-always,1,1823.0,27.8838,25.7964,53.7911,76.9487,128.2593,266.8033,0,0.0,0.21262213571935282,8.446507562785389,11.39453125,3801.087,18874.367,43968
persistence,always-read0,8,64,0,64,aof-always,2,1828.0,27.6959,25.9799,53.288,72.9629,104.7992,180.7292,0,0.0,0.2154210312462738,8.399870986238533,11.37890625,3801.087,17825.791,43968
persistence,always-read0,8,64,0,64,aof-always,3,1816.9,27.9942,25.9347,53.6784,75.7275,139.4737,306.5547,0,0.0,0.21572430035896822,8.441139914772727,11.390625,3932.159,17825.791,43968
persistence,always-read0,8,64,0,64,aof-always,4,1845.5,27.4413,25.9826,52.6857,70.727,101.6783,238.0818,0,0.0,0.21373143182657703,8.442744502314815,11.39453125,3801.087,17825.791,43968
