experiment,label,runs,io_threads,connections,read_percent,persistence,throughput_median,throughput_iqr,throughput_min,throughput_max,throughput_iqr_pct,p50_ms_median,p50_ms_iqr,p95_ms_median,p95_ms_iqr,p99_ms_median,p99_ms_iqr,p999_ms_median,p999_ms_iqr,cpu_cores_median,cpu_cores_iqr,rss_peak_mb_median,rss_peak_mb_iqr,server_p50_us_median,server_p50_us_iqr,server_p99_us_median,server_p99_us_iqr,errors_total
concurrency,conn1,5,8,1,90,off,44890.6,2601.2,42528.8,45172.0,5.79,0.0197,0.0001,0.0211,0.0064,0.0251,0.0032,0.0306,0.0072,0.5558,0.0693,4.4297,0.043,0.175,0.024,1.087,0.096,0
concurrency,conn2,5,8,2,90,off,50116.0,28938.6,48151.2,78075.1,57.74,0.027,0.0097,0.0389,0.0112,0.0423,0.0095,0.0508,0.0196,1.0178,0.1814,4.9844,0.0312,0.431,0.096,2.047,0.288,0
concurrency,conn4,5,8,4,90,off,96952.8,37267.9,86056.6,150031.3,38.44,0.0215,0.0064,0.0391,0.0098,0.0436,0.0106,0.0538,0.0115,1.7439,0.3956,6.0312,0.0059,0.703,0.176,2.943,0.448,0
concurrency,conn8,5,8,8,90,off,253289.5,83498.5,170845.6,261996.0,32.97,0.0219,0.0016,0.0342,0.0083,0.0389,0.0081,0.0466,0.0092,4.093,0.5911,5.9102,0.0293,0.831,0.0,3.711,0.256,0
concurrency,conn16,5,8,16,90,off,391435.3,27119.8,362312.0,404328.1,6.93,0.0239,0.0018,0.0381,0.005,0.0468,0.0045,0.0554,0.0026,4.7103,0.1356,7.3398,0.0273,1.087,0.176,3.711,0.32,0
concurrency,conn32,5,8,32,90,off,530193.7,27540.2,502048.3,540506.4,5.19,0.0341,0.0028,0.0686,0.0033,0.0743,0.0034,0.0915,0.0129,5.8743,0.6903,9.6055,0.0195,0.895,0.336,3.199,0.512,0
concurrency,conn64,5,8,64,90,off,458161.7,27568.4,448896.6,485026.3,6.02,0.0885,0.0099,0.1756,0.016,0.1899,0.0161,0.2035,0.0159,6.1133,0.4665,8.6094,0.0176,1.087,0.304,3.583,0.512,0
concurrency,conn128,5,8,128,90,off,422516.4,14296.0,412740.8,433544.7,3.38,0.2268,0.0087,0.4157,0.0319,0.4765,0.0111,0.4973,0.0171,6.7706,0.1947,11.1992,0.0254,0.959,0.064,2.815,0.0,0
concurrency,conn256,5,8,256,90,off,399162.8,14532.9,390878.5,411903.7,3.64,0.493,0.0151,0.5481,0.0205,0.9953,0.0284,1.079,0.0334,6.5182,0.7768,10.3281,0.0059,0.959,0.064,2.943,0.128,0
concurrency,conn512,5,8,512,90,off,380009.9,9447.2,378050.6,392253.5,2.49,1.1106,0.0192,1.1645,0.0301,1.1924,0.0292,1.7392,0.1038,7.1339,0.1964,13.6094,0.0176,1.343,0.128,3.583,0.32,0
mix,read0,5,8,64,0,off,424748.8,17757.0,419500.6,442406.2,4.18,0.092,0.0048,0.1864,0.0095,0.2037,0.0174,0.287,0.036,6.6089,0.2796,16.2383,0.0469,1.791,0.256,9.215,1.024,0
mix,read10,5,8,64,10,off,419824.7,12495.2,411798.0,433238.3,2.98,0.0939,0.005,0.1894,0.0092,0.2047,0.0078,0.2774,0.0231,6.5706,0.197,16.1523,0.043,1.919,0.256,9.727,1.024,0
mix,read25,5,8,64,25,off,417027.1,38409.1,397870.2,442227.7,9.21,0.0939,0.005,0.1907,0.0087,0.2081,0.0181,0.2747,0.0096,6.3529,0.7658,15.9023,0.0156,1.855,0.192,9.215,1.024,0
mix,read50,5,8,64,50,off,436510.0,15292.5,427555.8,447230.0,3.5,0.089,0.0052,0.1789,0.0101,0.1932,0.0118,0.2661,0.0223,6.4283,0.2188,15.0039,0.0195,1.535,0.288,8.703,1.024,0
mix,read75,5,8,64,75,off,450619.9,18204.7,434358.2,464660.9,4.04,0.0872,0.0047,0.1751,0.0022,0.1907,0.0082,0.217,0.0108,6.2134,0.2791,12.1914,0.0254,1.343,0.16,7.167,0.384,0
mix,read90,5,8,64,90,off,451583.2,28661.9,448536.8,482293.3,6.35,0.0848,0.0046,0.1709,0.0082,0.1864,0.0154,0.2077,0.0219,6.0151,0.2371,8.582,0.0215,0.831,0.064,3.199,0.32,0
mix,read100,5,8,64,100,off,473289.4,13098.7,466448.4,490102.5,2.77,0.0803,0.0048,0.1634,0.0088,0.176,0.0116,0.1946,0.0177,5.837,0.1592,4.3203,0.0215,0.543,0.152,1.023,0.496,0
io_threads,io1,5,1,128,90,off,62346.8,2755.1,61230.8,65430.4,4.42,1.8521,0.0837,1.9037,0.0712,1.9835,0.1147,3.7503,0.7534,0.987,0.0152,10.5547,0.0352,0.431,0.016,1.919,0.32,0
io_threads,io2,5,2,128,90,off,114599.8,2953.4,113787.1,117532.3,2.58,0.9771,0.0771,1.0344,0.0458,1.0555,0.0444,1.1818,0.3186,1.8869,0.083,10.6641,0.043,0.799,0.272,2.303,0.864,0
io_threads,io4,5,4,128,90,off,223078.0,36670.0,217612.0,264596.1,16.44,0.4614,0.0645,0.5133,0.0763,0.9557,0.1435,1.0163,0.1543,3.6601,0.2363,10.8477,0.0273,0.927,0.448,2.687,1.216,0
io_threads,io8,5,8,128,90,off,483013.4,18202.2,477031.8,504655.3,3.77,0.201,0.0053,0.3834,0.0065,0.4157,0.0125,0.4324,0.0147,6.6477,0.1946,11.1875,0.0039,0.831,0.16,2.175,0.192,0
io_threads,io16,5,16,128,90,off,924688.1,54787.2,888162.0,981521.6,5.92,0.0801,0.0055,0.1662,0.0104,0.1866,0.0099,0.206,0.0128,11.9056,0.6328,11.8477,0.0098,0.991,0.208,2.815,0.384,0
io_threads,io32,5,32,128,90,off,1463263.8,173191.8,1286798.8,1591050.9,11.84,0.0426,0.0046,0.0839,0.0087,0.0985,0.0337,0.1525,0.0199,17.4333,4.0123,13.1211,0.0254,1.407,0.4,4.351,0.96,0
persistence,always-read0,5,8,64,0,aof-always,1828.0,24.4,1816.9,1845.5,1.33,25.9347,0.2087,53.4168,0.7479,74.3866,4.4931,118.1727,30.6278,0.2137,0.0072,11.3906,0.0176,3801.087,65.536,17825.791,1048.576,0
persistence,everysec-read0,5,8,64,0,aof-everysec,304951.5,22347.2,289983.9,330382.4,7.33,0.0945,0.0395,0.2706,0.0441,0.375,0.0282,0.5315,0.0735,3.96,0.4682,11.4531,0.0449,2.175,0.32,73.727,8.192,0
persistence,never-read0,5,8,64,0,aof-never,307416.7,7494.5,299063.3,308583.0,2.44,0.0873,0.0189,0.267,0.0755,0.3588,0.055,0.5292,0.1017,4.0674,0.6165,11.4531,0.0312,2.047,0.352,73.727,6.144,0
persistence,off-read0,5,8,64,0,off,346208.2,10180.7,343463.5,355202.8,2.94,0.0896,0.0096,0.1873,0.0116,0.28,0.049,0.3483,0.0317,3.8576,0.5181,11.3945,0.0391,1.407,0.224,12.287,1.28,0
persistence,always-read50,5,8,64,50,aof-always,3496.9,165.6,3250.6,3531.2,4.74,12.94,0.7949,32.8613,1.7977,44.2138,1.4352,56.9727,3.8477,0.2889,0.0164,8.7305,0.0391,3.711,0.192,10485.759,524.288,0
persistence,everysec-read50,5,8,64,50,aof-everysec,330444.6,8932.2,328689.9,342229.7,2.7,0.0679,0.0126,0.182,0.0308,0.3225,0.0506,0.4879,0.0661,3.4617,0.495,8.8242,0.0371,1.407,0.224,15.871,1.536,0
persistence,never-read50,5,8,64,50,aof-never,332711.3,10432.7,324463.7,338105.1,3.14,0.0825,0.0049,0.1972,0.0095,0.3366,0.0083,0.4878,0.0537,3.6658,0.2702,8.8086,0.0254,1.343,0.064,15.871,1.28,0
persistence,off-read50,5,8,64,50,off,358314.5,8636.8,348195.5,360604.6,2.41,0.081,0.0186,0.1722,0.006,0.2685,0.0138,0.3405,0.03,3.6117,0.1726,8.7422,0.0625,1.215,0.064,10.239,0.768,0
